{
  "generatedAt": "2026-02-10T11:39:24.881Z",
  "iterations": 500,
  "benchmarkResults": [
    {
      "id": "css_import_scan_exec_loop",
      "old": {
        "avgMs": 0.06706820000000009,
        "minMs": 0.04760000000000275,
        "maxMs": 0.6225000000000023
      },
      "new": {
        "avgMs": 0.04846760000000017,
        "minMs": 0.04399999999999693,
        "maxMs": 0.14919999999999334
      },
      "speedup": 1.3837739025658347
    },
    {
      "id": "swift_decl_scan_exec_loop",
      "old": {
        "avgMs": 0.18668719999999997,
        "minMs": 0.15969999999998663,
        "maxMs": 1.4254999999999995
      },
      "new": {
        "avgMs": 0.17483920000000086,
        "minMs": 0.15500000000000114,
        "maxMs": 0.5237999999999943
      },
      "speedup": 1.067765123610718
    },
    {
      "id": "rust_attr_scan_exec_loop",
      "old": {
        "avgMs": 0.0008893999999996823,
        "minMs": 0.0007999999999697138,
        "maxMs": 0.01710000000002765
      },
      "new": {
        "avgMs": 0.0007766000000019631,
        "minMs": 0.0003999999999564352,
        "maxMs": 0.070699999999988
      },
      "speedup": 1.1452485191828923
    },
    {
      "id": "typescript_flow_throw_await_exec_loop",
      "old": {
        "avgMs": 0.20773960000000055,
        "minMs": 0.17760000000004084,
        "maxMs": 0.5529999999999973
      },
      "new": {
        "avgMs": 0.1988340000000004,
        "minMs": 0.17509999999998627,
        "maxMs": 0.5267999999999802
      },
      "speedup": 1.044789120572941
    }
  ]
}